{
  "AA": [
    53.55194444,
    9.935
  ],
  "AHAR": [
    53.456111,
    9.991667
  ],
  "AH": [
    53.552778,
    10.006389
  ],
  "BFBI": [
    52.3642841,
    13.5081573
  ],
  "BFRI": [
    52.520277777778,
    13.386944444444
  ],
  "BHF": [
    52.51,
    13.4347
  ],
  "BL": [
    52.525083333333,
    13.369388888889
  ],
  "BLO": [
    52.5106,
    13.4964
  ],
  "BPAF": [
    52.4765716,
    13.3660396
  ],
  "BZOO": [
    52.507222222222,
    13.3325
  ],
  "EDG": [
    51.43,
    6.7761111111111
  ],
  "EDO": [
    51.5175,
    7.4588888888889
  ],
  "EE": [
    51.451388888889,
    7.0138888888889
  ],
  "FF": [
    50.107256,
    8.662616
  ],
  "FFLF": [
    50.0528,
    8.57
  ],
  "FMZ": [
    50.0013,
    8.25865
  ],
  "HB": [
    53.0831,
    8.81361
  ],
  "HH": [
    52.3772,
    9.74167
  ],
  "KB": [
    50.731944444444,
    7.0969444444444
  ],
  "KD": [
    51.220277777778,
    6.7927777777778
  ],
  "KK": [
    50.9425,
    6.9580555555556
  ],
  "KKDZ": [
    50.940833333333,
    6.975
  ],
  "LL": [
    51.345277777778,
    12.382222222222
  ],
  "MH": [
    48.140833,
    11.555
  ],
  "MOP": [
    48.126944,
    11.604722
  ],
  "MP": [
    48.15,
    11.461388888889
  ],
  "NN": [
    49.446388888889,
    11.081944444444
  ],
  "RF": [
    47.997777777778,
    7.8419444444444
  ],
  "RKAB": [
    48.993645861111,
    8.3960894194444
  ],
  "RK": [
    48.993888888889,
    8.4005555555556
  ],
  "RM": [
    49.479722222222,
    8.4697222222222
  ],
  "TS": [
    48.783888888889,
    9.1816666666667
  ],
  "BGS": [
    52.548611111111,
    13.389444444444
  ],
  "BPD": [
    52.3917,
    13.0667
  ],
  "BSPD": [
    52.5347,
    13.1958
  ]
}